<?xml version="1.0" encoding="utf-8" standalone="yes" ?>
<Window size="800,600" sizebox="4,4,6,6" caption="0,0,0,32" showshadow="true" shadowsize="4" shadowposition="0,2" shadowsharpness="8" shadowdarkness="100">
    <Font name="宋体" size="14"/>
    <Font name="雅黑" size="20" />
	<Default name="Label" value="autocalcwidth=&quot;true&quot;textcolor=&quot;#FF85909F&quot;" />
	<Default name="Combo" value="width=&quot;150&quot; height=&quot;26&quot; valign=&quot;vcenter&quot; bkimage=&quot;file='normal.png' corner='5,5,30,5'&quot; vscrollbar=&quot;true&quot; textpadding=&quot;5,0,30,0&quot; endellipsis=&quot;false&quot;"/>
    <VerticalLayout bkcolor="#FF070707">
		<VerticalLayout name="ctnCaption" height="93">
        <HorizontalLayout height="33" bkcolor="#FF303030" inset="0,3,0,0">
            <Label name="title" text="QPlayer" padding="10,1,0,0" textcolor="#00FFFFFF" disabledtextcolor="#FFA7A6AA" font="0" />
            <Control/>
            <HorizontalLayout width="54">
				<Button name="maxbtn" maxheight="22" maxwidth="27" textcolor="#FF000000" disabledtextcolor="#FFA7A6AA" align="center" normalimage="max_normal.png" hotimage="max_hover.png" pushedimage="max_pressed.png" />
				<Button name="restorebtn" visible="false" maxheight="22" maxwidth="27" textcolor="#FF000000" disabledtextcolor="#FFA7A6AA" align="center" normalimage="restore_normal.png" hotimage="restore_hover.png" pushedimage="restore_pressed.png" />
				<Button name="closebtn" maxheight="22" maxwidth="27" textcolor="#FF000000" disabledtextcolor="#FFA7A6AA" align="center" normalimage="close_normal.png" hotimage="close_hover.png" pushedimage="close_pressed.png" />
			</HorizontalLayout>
        </HorizontalLayout>
		<HorizontalLayout childpadding="2" height="30" bkcolor="#FFF0F0F0" inset="0,2,0,2">
			<Button name="btnShare" width="80" align="right" text="投屏 URL: " />
			<Edit name="edUrl" maxchar="1024" tipvalue="please enter url" inset="0,2,0,2" />
			<Label width="80" autocalcwidth="true" text=" Speed(x): " />
			<Edit name="edRate" maxchar="5" width="35" inset="0,2,0,2" autoselall="true" />
		</HorizontalLayout>
		<HorizontalLayout name="cameraBar" childpadding="2" height="26" bkcolor="#FFF0F0F0" inset="0,2,0,2">
			<Button name="btnSearchCamera" width="80" align="right" text="摄像头: " />
			<Combox name="listCamera" width="150" height="26"/>
			<Button name="btnAddCamera" width="15" text="+" />
			<Button name="btnProfileRefresh" width="60" text="Profile: " />
			<Combox name="listProfile"/>
			<Button name="btnPlayCamera" width="50" autocalcwidth="true" text="Play" />
			<Label text="User: " />
			<Edit name="edUser" width="60" inset="0,2,0,2"/>
			<Label text="Password: " />
			<Edit name="edPassword" width="60" password="true" inset="0,2,0,2"/>
			<Button name="btnPlayCamera2" width="50" autocalcwidth="true" text="PlayPwd" />
		</HorizontalLayout>
		</VerticalLayout>
		<VideoWnd />
		
        <HorizontalLayout height="20">
            <HorizontalLayout name="ctnSlider">
                <VerticalLayout width="27">
                    <Button name="btnFastBackward" tooltip="快退" float="true" pos="7,3,0,0" width="17" height="13" normalimage="file=&apos;btn_fast_backward.png&apos; source=&apos;0,0,17,13&apos;" hotimage="file=&apos;btn_fast_backward.png&apos; source=&apos;18,0,35,13&apos;" pushedimage="file=&apos;btn_fast_backward.png&apos; source=&apos;36,0,53,13&apos;" />
                </VerticalLayout>
                <VerticalLayout>
                    <Slider name="sliderPlay"  height="20" bkimage="SliderBack.png" foreimage="SliderFore.png" min="0" max="1000" value="0" hor="true"  thumbhotimage="file=&apos;SliderBar.png&apos; source=&apos;21,0,41,20&apos;" thumbpushedimage="file=&apos;SliderBar.png&apos; source=&apos;42,0,62,20&apos;" thumbsize="20,20" />
                </VerticalLayout>
                <VerticalLayout width="24"> 
                    <Button name="btnFastForward" tooltip="快进" float="true" pos="2,3,0,0" width="17" height="13" normalimage="file=&apos;btn_fast_forward.png&apos; source=&apos;0,0,17,13&apos;" hotimage="file=&apos;btn_fast_forward.png&apos; source=&apos;18,0,35,13&apos;" pushedimage="file=&apos;btn_fast_forward.png&apos; source=&apos;36,0,53,13&apos;" />
        	    </VerticalLayout>   
            </HorizontalLayout>
        </HorizontalLayout>
        <HorizontalLayout height="55">
            <VerticalLayout>
                <Label name="lbStatus" font="2" float="true" pos="9,1,0,0" width="240" height="18" textcolor="#FF85909F"/>
            </VerticalLayout>
            <VerticalLayout width="350" height="48">
                <Button name="btnStop" tooltip="停止" float="true" enabled="false" pos="62,6,0,0" width="40" height="40" textcolor="#FF000000" disabledtextcolor="#FFA7A6AA" align="center" normalimage="file=&apos;btn_stop.png&apos; source=&apos;0,0,40,40&apos;" hotimage="file=&apos;btn_stop.png&apos; source=&apos;41,0,81,40&apos;" pushedimage="file=&apos;btn_stop.png&apos; source=&apos;82,0,122,40&apos;" disabledimage="file=&apos;btn_stop.png&apos; source=&apos;123,0,163,40&apos;" />
                <Button name="btnPrevious" tooltip="上一个" float="true" enabled="false" pos="102,6,0,0" width="40" height="40" textcolor="#FF000000" disabledtextcolor="#FFA7A6AA" align="center" normalimage="file=&apos;btn_previous.png&apos; source=&apos;0,0,40,40&apos;" hotimage="file=&apos;btn_previous.png&apos; source=&apos;41,0,81,40&apos;" pushedimage="file=&apos;btn_previous.png&apos; source=&apos;82,0,122,40&apos;" />
                <Button name="btnPlay" tooltip="播放" float="true" pos="142,1,0,0" width="48" height="48" textcolor="#FF000000" disabledtextcolor="#FFA7A6AA" align="center" normalimage="file=&apos;btn_play.png&apos; source=&apos;0,0,48,50&apos;" hotimage="file=&apos;btn_play.png&apos; source=&apos;49,0,97,48&apos;" pushedimage="file=&apos;btn_play.png&apos; source=&apos;98,0,146,48&apos;" />
                <Button name="btnPause" tooltip="暂停" visible="false" float="true" pos="142,1,0,0" width="48" height="48" textcolor="#FF000000" disabledtextcolor="#FFA7A6AA" align="center" normalimage="file=&apos;btn_pause.png&apos; source=&apos;0,0,48,50&apos;" hotimage="file=&apos;btn_pause.png&apos; source=&apos;49,0,97,48&apos;" pushedimage="file=&apos;btn_pause.png&apos; source=&apos;98,0,146,48&apos;" />
                <Button name="btnNext" tooltip="下一个" float="true" enabled="false" pos="190,6,0,0" width="40" height="40" textcolor="#FF000000" disabledtextcolor="#FFA7A6AA" align="center" normalimage="file=&apos;btn_next.png&apos; source=&apos;0,0,40,40&apos;" hotimage="file=&apos;btn_next.png&apos; source=&apos;41,0,81,40&apos;" pushedimage="file=&apos;btn_next.png&apos; source=&apos;82,0,122,40&apos;" />
                <Button name="btnVolume" tooltip="静音" float="true" pos="250,20,0,0" width="16" height="16" textcolor="#FF000000" disabledtextcolor="#FFA7A6AA" align="center" normalimage="file=&apos;btn_volume.png&apos; source=&apos;0,0,16,16&apos;" hotimage="file=&apos;btn_volume.png&apos; source=&apos;17,0,33,16&apos;" pushedimage="file=&apos;btn_volume.png&apos; source=&apos;34,0,50,16&apos;" />
                <Button name="btnVolumeZero" tooltip="取消静音" visible="false" float="true" pos="250,20,0,0" width="16" height="16" textcolor="#FF000000" disabledtextcolor="#FFA7A6AA" align="center" normalimage="file=&apos;btn_volume_zero.png&apos; source=&apos;0,0,16,16&apos;" hotimage="file=&apos;btn_volume_zero.png&apos; source=&apos;17,0,33,16&apos;" pushedimage="file=&apos;btn_volume_zero.png&apos; source=&apos;34,0,50,16&apos;" />
                <Slider name="sliderVol" float="true" pos="268,18,0,0" width="85" height="20"  min="0" max="100" value="60" bkimage="SliderBackVolume.png" textcolor="#FF000000" disabledtextcolor="#FFA7A6AA" align="center" foreimage="SliderForeVolume.png" hor="true" thumbimage="file=&apos;SliderBar.png&apos; source=&apos;0,0,20,20&apos; " thumbhotimage="file=&apos;SliderBar.png&apos; source=&apos;21,0,41,20&apos;" thumbpushedimage="file=&apos;SliderBar.png&apos; source=&apos;42,0,62,20&apos;" thumbsize="20,20" />
            </VerticalLayout>
            <VerticalLayout>
                <HorizontalLayout>
                    <VerticalLayout />
                    <VerticalLayout width="60">
                        <Button name="btnOpen" tooltip="打开文件" float="true" pos="7,18,0,0" width="24" height="18" textcolor="#FF000000" disabledtextcolor="#FFA7A6AA" align="center" normalimage="file=&apos;btn_open_mini.png&apos; source=&apos;0,0,24,18&apos;" hotimage="file=&apos;btn_open_mini.png&apos; source=&apos;25,0,49,18&apos;" pushedimage="file=&apos;btn_open_mini.png&apos; source=&apos;50,0,74,18&apos;" />
                        <Button name="btnScreenFull" tooltip="全屏" float="true" enabled="true" pos="31,18,0,0" width="24" height="18" textcolor="#FF000000" disabledtextcolor="#FFA7A6AA" align="center" normalimage="file=&apos;btn_screen_full.png&apos; source=&apos;0,0,24,18&apos;" hotimage="file=&apos;btn_screen_full.png&apos; source=&apos;25,0,49,18&apos;" pushedimage="file=&apos;btn_screen_full.png&apos; source=&apos;50,0,74,18&apos;" disabledimage="file=&apos;btn_screen_full.png&apos; source=&apos;75,0,99,18&apos;" />
                        <Button name="btnScreenNormal" tooltip="退出全屏" visible="false" float="true" pos="31,18,0,0" width="24" height="18" textcolor="#FF000000" disabledtextcolor="#FFA7A6AA" align="center" normalimage="file=&apos;btn_screen_normal.png&apos; source=&apos;0,0,24,18&apos;" hotimage="file=&apos;btn_screen_normal.png&apos; source=&apos;25,0,49,18&apos;" pushedimage="file=&apos;btn_screen_normal.png&apos; source=&apos;50,0,74,18&apos;" disabledimage="file=&apos;btn_screen_normal.png&apos; source=&apos;75,0,99,18&apos;" />
                    </VerticalLayout>
                </HorizontalLayout>
            </VerticalLayout>
        </HorizontalLayout>
    </VerticalLayout>
</Window>
